Number Plate,Name,Phone Number,Address,Country
BX41PZ,Christine Arnold, +13308702044,4745 Sigley Road,Australia
SAM343,Cory Lyle, +491771789232,517 Lonely Oak Drive,Europe
SAM323,Roy Lyle, +41771789245,289 Swick Hill Street,Europe
H786P0J,Bertie Cunningham, +447441934144,1428 Goldcliff Circle,Europe
GX02BCF,Christine Burnett, +13308709654,1376 Cliffside Drive,Europe
372275,Francine Sanchez, +4910112789232,2367 Tori Lane,Kuwait
DZI7YXR,Eric Horne, +41773019245,4933 Seth Street,Liberia
THECAR,Nelson Blaze, +447441254544,6400 Joes Road,United States
YEAUXLO,Amy Whitehead, +13308730144,1784 Petunia Way,United States
UNIVRSE,Ana Smith, +491771354232,3589 Hanover Street,United States
LTM378,Virginia Bradshaw, +41773589245,5325 Virginia Street,United States
